{"cameraMode":{"drawMode":0,"name":"Shaded","section":"Shading Mode"},"sceneLighting":true,"audioPlay":false,"sceneViewState":{"m_AlwaysRefresh":false,"showFog":true,"showSkybox":true,"showFlares":true,"showImageEffects":true,"showParticleSystems":true,"showVisualEffectGraphs":true,"m_FxEnabled":false},"in2DMode":false,"pivot":{"x":4.370936870574951,"y":-196.05499267578126,"z":-75.95328521728516},"rotation":{"x":0.011215132661163807,"y":0.9376886487007141,"z":-0.34692221879959109,"w":0.0342971608042717},"size":117.26039123535156,"orthographic":false}